<?xml version="1.0" encoding="UTF-8"?><idempiere Name="2Pack_1.0.9" Version="1.0.9" idempiereVersion="" DataBaseVersion="" Description="" Author="" AuthorEmail="orlando.curieles@ingeint.com" CreatedDate="2018-07-17 10:47:19.89" UpdatedDate="2018-07-17 11:53:02.731" PackOutVersion="100" UpdateDictionary="false" Client="0-SYSTEM-System" AD_Client_UU="11237b53-9592-4af1-b3c5-afd216514b5d">
    <AD_Menu type="table">
        <Parent_ID reference="id">164</Parent_ID>
        <SeqNo>18</SeqNo>
        <AD_Menu_ID>123</AD_Menu_ID>
        <AD_Client_ID>0</AD_Client_ID>
        <AD_Org_ID>0</AD_Org_ID>
        <AD_Menu_ID>123</AD_Menu_ID>
        <Name>Tax Rate</Name>
        <Description>Maintain Taxes and their Rates</Description>
        <Action>W</Action>
        <AD_Window_ID reference="id">137</AD_Window_ID>
        <AD_Workflow_ID reference="id"/>
        <AD_Task_ID reference="id"/>
        <IsActive>Y</IsActive>
        <IsSummary>N</IsSummary>
        <AD_Process_ID reference="id"/>
        <IsSOTrx>Y</IsSOTrx>
        <AD_Form_ID reference="id"/>
        <IsReadOnly>N</IsReadOnly>
        <EntityType>D</EntityType>
        <IsCentrallyMaintained>Y</IsCentrallyMaintained>
        <AD_Menu_UU>751852d8-f1e8-4b9e-9dfe-515e7ccbf41c</AD_Menu_UU>
        <AD_InfoWindow_ID reference="id"/>
        <AD_Menu_Trl type="translation">
            <Name>Tasa de Impuesto</Name>
            <Description>Mantener Impuestos y sus tasas</Description>
            <AD_Language>es_EC</AD_Language>
            <IsActive>Y</IsActive>
            <IsTranslated>Y</IsTranslated>
        </AD_Menu_Trl>
        <AD_TableIndex type="table">
            <AD_TableIndex_ID>200544</AD_TableIndex_ID>
            <AD_Client_ID>0</AD_Client_ID>
            <AD_Org_ID>0</AD_Org_ID>
            <AD_TableIndex_ID>200544</AD_TableIndex_ID>
            <AD_TableIndex_UU>b1ce8bcc-262f-4750-a04f-03a8ccf5ee73</AD_TableIndex_UU>
            <Description/>
            <EntityType>D</EntityType>
            <IsActive>Y</IsActive>
            <Name>c_tax_trl_uu_idx</Name>
            <AD_Table_ID reference="id">546</AD_Table_ID>
            <Help/>
            <IsCreateConstraint>N</IsCreateConstraint>
            <IsUnique>Y</IsUnique>
            <Processing>N</Processing>
            <AD_Message_ID reference="id"/>
            <TableIndexDrop/>
            <IsKey>N</IsKey>
            <AD_IndexColumn type="table">
                <AD_IndexColumn_ID>200634</AD_IndexColumn_ID>
                <AD_Client_ID>0</AD_Client_ID>
                <AD_Org_ID>0</AD_Org_ID>
                <AD_IndexColumn_ID>200634</AD_IndexColumn_ID>
                <AD_IndexColumn_UU>b162353d-373b-4b47-b491-93dac1c4d589</AD_IndexColumn_UU>
                <EntityType>D</EntityType>
                <IsActive>Y</IsActive>
                <AD_Column_ID reference="id">60780</AD_Column_ID>
                <AD_TableIndex_ID reference="id">200544</AD_TableIndex_ID>
                <ColumnSQL/>
                <SeqNo>1</SeqNo>
            </AD_IndexColumn>
        </AD_TableIndex>
        <AD_Column type="table">
            <AD_Column_ID>54408</AD_Column_ID>
            <IsSyncDatabase>Y</IsSyncDatabase>
            <AD_Table_ID reference="id">261</AD_Table_ID>
            <AD_Reference_Value_ID reference="id"/>
            <AD_Client_ID>0</AD_Client_ID>
            <AD_Org_ID>0</AD_Org_ID>
            <AD_Column_ID>54408</AD_Column_ID>
            <Version>0</Version>
            <Name>Rule</Name>
            <Description/>
            <Help/>
            <AD_Val_Rule_ID reference="id"/>
            <ColumnName>AD_Rule_ID</ColumnName>
            <DefaultValue/>
            <FieldLength>22</FieldLength>
            <IsKey>N</IsKey>
            <IsParent>N</IsParent>
            <IsMandatory>N</IsMandatory>
            <IsTranslated>N</IsTranslated>
            <IsIdentifier>N</IsIdentifier>
            <SeqNo/>
            <IsEncrypted>N</IsEncrypted>
            <AD_Reference_ID reference="id">19</AD_Reference_ID>
            <IsActive>Y</IsActive>
            <VFormat/>
            <Callout/>
            <AD_Element_ID reference="id">53332</AD_Element_ID>
            <IsUpdateable>Y</IsUpdateable>
            <AD_Process_ID reference="id"/>
            <ValueMin/>
            <ValueMax/>
            <IsSelectionColumn>N</IsSelectionColumn>
            <ReadOnlyLogic/>
            <EntityType>EE04</EntityType>
            <IsAlwaysUpdateable>N</IsAlwaysUpdateable>
            <ColumnSQL/>
            <MandatoryLogic/>
            <IsAutocomplete>N</IsAutocomplete>
            <IsAllowLogging>Y</IsAllowLogging>
            <FormatPattern/>
            <AD_Chart_ID reference="id"/>
            <AD_Column_UU>af482a4d-eaed-40d5-a40a-26f4455deff7</AD_Column_UU>
            <IsAllowCopy>Y</IsAllowCopy>
            <SeqNoSelection/>
            <IsToolbarButton>N</IsToolbarButton>
            <IsSecure>N</IsSecure>
            <FKConstraintName>adrule_ctax</FKConstraintName>
            <FKConstraintType>N</FKConstraintType>
            <PA_DashboardContent_ID reference="id"/>
        </AD_Column>
        <AD_Element type="table">
            <AD_Client_ID>0</AD_Client_ID>
            <AD_Org_ID>0</AD_Org_ID>
            <IsActive>Y</IsActive>
            <ColumnName>LEC_TaxTypeSRI</ColumnName>
            <Name>LEC_TaxTypeSRI</Name>
            <Description/>
            <Help/>
            <PrintName>LEC_TaxTypeSRI</PrintName>
            <PO_Description/>
            <PO_Help/>
            <PO_Name/>
            <PO_PrintName/>
            <EntityType>QSSLEC_FE</EntityType>
            <AD_Element_UU>5d15eb7a-6e40-4819-98b0-9a07bf8b4b1d</AD_Element_UU>
            <AD_Element_Trl type="translation">
                <Help/>
                <PO_Description/>
                <PO_Help/>
                <Description/>
                <Name>LEC_TaxTypeSRI</Name>
                <PrintName>LEC_TaxTypeSRI</PrintName>
                <PO_Name/>
                <PO_PrintName/>
                <AD_Language>es_EC</AD_Language>
                <IsActive>Y</IsActive>
                <IsTranslated>N</IsTranslated>
            </AD_Element_Trl>
        </AD_Element>
        <AD_Reference type="table">
            <AD_Client_ID>0</AD_Client_ID>
            <AD_Org_ID>0</AD_Org_ID>
            <Name>SRI_TaxType</Name>
            <Description/>
            <Help/>
            <ValidationType>L</ValidationType>
            <IsActive>Y</IsActive>
            <VFormat/>
            <EntityType>QSSLEC_FE</EntityType>
            <IsOrderByValue>Y</IsOrderByValue>
            <AD_Reference_UU>3b224541-9ada-4cb9-aa62-5590a90f681e</AD_Reference_UU>
            <AD_Reference_Trl type="translation">
                <Help/>
                <Name>SRI_TaxType</Name>
                <Description/>
                <AD_Language>es_EC</AD_Language>
                <IsActive>Y</IsActive>
                <IsTranslated>N</IsTranslated>
            </AD_Reference_Trl>
            <AD_Ref_List type="table">
                <AD_Client_ID>0</AD_Client_ID>
                <AD_Org_ID>0</AD_Org_ID>
                <Name>Rent</Name>
                <Description/>
                <AD_Reference_ID reference="uuid" reference-key="AD_Reference">3b224541-9ada-4cb9-aa62-5590a90f681e</AD_Reference_ID>
                <ValidFrom/>
                <ValidTo/>
                <Value>1</Value>
                <IsActive>Y</IsActive>
                <EntityType>QSSLEC_FE</EntityType>
                <AD_Ref_List_UU>2ad6de74-c3de-4e80-8fc4-3a82e0e2b4c2</AD_Ref_List_UU>
                <AD_Ref_List_Trl type="translation">
                    <Description/>
                    <Name>Rent</Name>
                    <AD_Language>es_EC</AD_Language>
                    <IsActive>Y</IsActive>
                    <IsTranslated>N</IsTranslated>
                </AD_Ref_List_Trl>
            </AD_Ref_List>
            <AD_Ref_List type="table">
                <AD_Client_ID>0</AD_Client_ID>
                <AD_Org_ID>0</AD_Org_ID>
                <Name>IVA</Name>
                <Description/>
                <AD_Reference_ID reference="uuid" reference-key="AD_Reference">3b224541-9ada-4cb9-aa62-5590a90f681e</AD_Reference_ID>
                <ValidFrom/>
                <ValidTo/>
                <Value>2</Value>
                <IsActive>Y</IsActive>
                <EntityType>QSSLEC_FE</EntityType>
                <AD_Ref_List_UU>3c3b04c3-f5a6-4d50-97ac-0b1b613f09bd</AD_Ref_List_UU>
                <AD_Ref_List_Trl type="translation">
                    <Description/>
                    <Name>IVA</Name>
                    <AD_Language>es_EC</AD_Language>
                    <IsActive>Y</IsActive>
                    <IsTranslated>N</IsTranslated>
                </AD_Ref_List_Trl>
            </AD_Ref_List>
            <AD_Ref_List type="table">
                <AD_Client_ID>0</AD_Client_ID>
                <AD_Org_ID>0</AD_Org_ID>
                <Name>ICE</Name>
                <Description/>
                <AD_Reference_ID reference="uuid" reference-key="AD_Reference">3b224541-9ada-4cb9-aa62-5590a90f681e</AD_Reference_ID>
                <ValidFrom/>
                <ValidTo/>
                <Value>3</Value>
                <IsActive>Y</IsActive>
                <EntityType>QSSLEC_FE</EntityType>
                <AD_Ref_List_UU>a9e8734f-59eb-461b-8184-53be0b7865af</AD_Ref_List_UU>
                <AD_Ref_List_Trl type="translation">
                    <Description/>
                    <Name>ICE</Name>
                    <AD_Language>es_EC</AD_Language>
                    <IsActive>Y</IsActive>
                    <IsTranslated>N</IsTranslated>
                </AD_Ref_List_Trl>
            </AD_Ref_List>
            <AD_Ref_List type="table">
                <AD_Client_ID>0</AD_Client_ID>
                <AD_Org_ID>0</AD_Org_ID>
                <Name>ISD</Name>
                <Description/>
                <AD_Reference_ID reference="uuid" reference-key="AD_Reference">3b224541-9ada-4cb9-aa62-5590a90f681e</AD_Reference_ID>
                <ValidFrom/>
                <ValidTo/>
                <Value>6</Value>
                <IsActive>Y</IsActive>
                <EntityType>QSSLEC_FE</EntityType>
                <AD_Ref_List_UU>efd058b0-c803-422c-8d71-a9f2e4732cc1</AD_Ref_List_UU>
                <AD_Ref_List_Trl type="translation">
                    <Description/>
                    <Name>ISD</Name>
                    <AD_Language>es_EC</AD_Language>
                    <IsActive>Y</IsActive>
                    <IsTranslated>N</IsTranslated>
                </AD_Ref_List_Trl>
            </AD_Ref_List>
        </AD_Reference>
        <AD_Column type="table">
            <IsSyncDatabase>Y</IsSyncDatabase>
            <AD_Table_ID reference="id">261</AD_Table_ID>
            <AD_Reference_Value_ID reference="uuid" reference-key="AD_Reference">3b224541-9ada-4cb9-aa62-5590a90f681e</AD_Reference_Value_ID>
            <AD_Client_ID>0</AD_Client_ID>
            <AD_Org_ID>0</AD_Org_ID>
            <Version>0</Version>
            <Name>LEC_TaxTypeSRI</Name>
            <Description/>
            <Help/>
            <AD_Val_Rule_ID reference="id"/>
            <ColumnName>LEC_TaxTypeSRI</ColumnName>
            <DefaultValue/>
            <FieldLength>1</FieldLength>
            <IsKey>N</IsKey>
            <IsParent>N</IsParent>
            <IsMandatory>N</IsMandatory>
            <IsTranslated>N</IsTranslated>
            <IsIdentifier>N</IsIdentifier>
            <SeqNo>0</SeqNo>
            <IsEncrypted>N</IsEncrypted>
            <AD_Reference_ID reference="id">17</AD_Reference_ID>
            <IsActive>Y</IsActive>
            <VFormat/>
            <Callout/>
            <AD_Element_ID reference="uuid" reference-key="AD_Element">5d15eb7a-6e40-4819-98b0-9a07bf8b4b1d</AD_Element_ID>
            <IsUpdateable>Y</IsUpdateable>
            <AD_Process_ID reference="id"/>
            <ValueMin/>
            <ValueMax/>
            <IsSelectionColumn>N</IsSelectionColumn>
            <ReadOnlyLogic/>
            <EntityType>QSSLEC_FE</EntityType>
            <IsAlwaysUpdateable>N</IsAlwaysUpdateable>
            <ColumnSQL/>
            <MandatoryLogic/>
            <IsAutocomplete>N</IsAutocomplete>
            <IsAllowLogging>Y</IsAllowLogging>
            <FormatPattern/>
            <AD_Chart_ID reference="id"/>
            <AD_Column_UU>ed2bf413-f999-4fbe-812c-e6de7bfc2529</AD_Column_UU>
            <IsAllowCopy>Y</IsAllowCopy>
            <SeqNoSelection>0</SeqNoSelection>
            <IsToolbarButton>N</IsToolbarButton>
            <IsSecure>N</IsSecure>
            <FKConstraintName/>
            <FKConstraintType>N</FKConstraintType>
            <PA_DashboardContent_ID reference="id"/>
        </AD_Column>
        <AD_Element type="table">
            <AD_Client_ID>0</AD_Client_ID>
            <AD_Org_ID>0</AD_Org_ID>
            <IsActive>Y</IsActive>
            <ColumnName>SRI_TaxCode_ID</ColumnName>
            <Name>SRI Tax Code</Name>
            <Description/>
            <Help/>
            <PrintName>SRI Tax Code</PrintName>
            <PO_Description/>
            <PO_Help/>
            <PO_Name/>
            <PO_PrintName/>
            <EntityType>QSSLEC_FE</EntityType>
            <AD_Element_UU>82753feb-9bf8-4fdd-bf5f-b68e9a3fb661</AD_Element_UU>
            <AD_Element_Trl type="translation">
                <Help/>
                <PO_Description/>
                <PO_Help/>
                <Description/>
                <Name>SRI Tax Code</Name>
                <PrintName>SRI Tax Code</PrintName>
                <PO_Name/>
                <PO_PrintName/>
                <AD_Language>es_EC</AD_Language>
                <IsActive>Y</IsActive>
                <IsTranslated>N</IsTranslated>
            </AD_Element_Trl>
        </AD_Element>
        <AD_Column type="table">
            <IsSyncDatabase>Y</IsSyncDatabase>
            <AD_Table_ID reference="id">261</AD_Table_ID>
            <AD_Reference_Value_ID reference="id"/>
            <AD_Client_ID>0</AD_Client_ID>
            <AD_Org_ID>0</AD_Org_ID>
            <Version>0</Version>
            <Name>SRI Tax Code</Name>
            <Description/>
            <Help/>
            <AD_Val_Rule_ID reference="id"/>
            <ColumnName>SRI_TaxCode_ID</ColumnName>
            <DefaultValue/>
            <FieldLength>22</FieldLength>
            <IsKey>N</IsKey>
            <IsParent>N</IsParent>
            <IsMandatory>N</IsMandatory>
            <IsTranslated>N</IsTranslated>
            <IsIdentifier>N</IsIdentifier>
            <SeqNo>0</SeqNo>
            <IsEncrypted>N</IsEncrypted>
            <AD_Reference_ID reference="id">19</AD_Reference_ID>
            <IsActive>Y</IsActive>
            <VFormat/>
            <Callout/>
            <AD_Element_ID reference="uuid" reference-key="AD_Element">82753feb-9bf8-4fdd-bf5f-b68e9a3fb661</AD_Element_ID>
            <IsUpdateable>Y</IsUpdateable>
            <AD_Process_ID reference="id"/>
            <ValueMin/>
            <ValueMax/>
            <IsSelectionColumn>N</IsSelectionColumn>
            <ReadOnlyLogic/>
            <EntityType>QSSLEC_FE</EntityType>
            <IsAlwaysUpdateable>N</IsAlwaysUpdateable>
            <ColumnSQL/>
            <MandatoryLogic/>
            <IsAutocomplete>N</IsAutocomplete>
            <IsAllowLogging>Y</IsAllowLogging>
            <FormatPattern/>
            <AD_Chart_ID reference="id"/>
            <AD_Column_UU>f77b241d-24ba-4c2a-b424-c43e413173d8</AD_Column_UU>
            <IsAllowCopy>Y</IsAllowCopy>
            <SeqNoSelection>0</SeqNoSelection>
            <IsToolbarButton>N</IsToolbarButton>
            <IsSecure>N</IsSecure>
            <FKConstraintName>SRITaxCode_CTax</FKConstraintName>
            <FKConstraintType>N</FKConstraintType>
            <PA_DashboardContent_ID reference="id"/>
        </AD_Column>
        <AD_Element type="table">
            <AD_Client_ID>0</AD_Client_ID>
            <AD_Org_ID>0</AD_Org_ID>
            <IsActive>Y</IsActive>
            <ColumnName>SRI_TaxRate_ID</ColumnName>
            <Name>SRI_TaxRate</Name>
            <Description/>
            <Help/>
            <PrintName>SRI_TaxRate</PrintName>
            <PO_Description/>
            <PO_Help/>
            <PO_Name/>
            <PO_PrintName/>
            <EntityType>QSSLEC_FE</EntityType>
            <AD_Element_UU>15683b1e-573c-4391-903d-1f08cba9140b</AD_Element_UU>
            <AD_Element_Trl type="translation">
                <Help/>
                <PO_Description/>
                <PO_Help/>
                <Description/>
                <Name>SRI_TaxRate</Name>
                <PrintName>SRI_TaxRate</PrintName>
                <PO_Name/>
                <PO_PrintName/>
                <AD_Language>es_EC</AD_Language>
                <IsActive>Y</IsActive>
                <IsTranslated>N</IsTranslated>
            </AD_Element_Trl>
        </AD_Element>
        <AD_Val_Rule type="table">
            <AD_Client_ID>0</AD_Client_ID>
            <AD_Org_ID>0</AD_Org_ID>
            <Name>SRI_TaxCode Rate</Name>
            <Description/>
            <Type>S</Type>
            <Code>SRI_TaxCode_ID = @SRI_TaxCode_ID@</Code>
            <IsActive>Y</IsActive>
            <EntityType>QSSLEC_FE</EntityType>
            <AD_Val_Rule_UU>42c46d47-01ef-40d9-8c2d-e81965c9d6b8</AD_Val_Rule_UU>
        </AD_Val_Rule>
        <AD_Column type="table">
            <IsSyncDatabase>Y</IsSyncDatabase>
            <AD_Table_ID reference="id">261</AD_Table_ID>
            <AD_Reference_Value_ID reference="id"/>
            <AD_Client_ID>0</AD_Client_ID>
            <AD_Org_ID>0</AD_Org_ID>
            <Version>0</Version>
            <Name>SRI_TaxRate</Name>
            <Description/>
            <Help/>
            <AD_Val_Rule_ID reference="uuid" reference-key="AD_Val_Rule">42c46d47-01ef-40d9-8c2d-e81965c9d6b8</AD_Val_Rule_ID>
            <ColumnName>SRI_TaxRate_ID</ColumnName>
            <DefaultValue/>
            <FieldLength>22</FieldLength>
            <IsKey>N</IsKey>
            <IsParent>N</IsParent>
            <IsMandatory>N</IsMandatory>
            <IsTranslated>N</IsTranslated>
            <IsIdentifier>N</IsIdentifier>
            <SeqNo>0</SeqNo>
            <IsEncrypted>N</IsEncrypted>
            <AD_Reference_ID reference="id">19</AD_Reference_ID>
            <IsActive>Y</IsActive>
            <VFormat/>
            <Callout/>
            <AD_Element_ID reference="uuid" reference-key="AD_Element">15683b1e-573c-4391-903d-1f08cba9140b</AD_Element_ID>
            <IsUpdateable>Y</IsUpdateable>
            <AD_Process_ID reference="id"/>
            <ValueMin/>
            <ValueMax/>
            <IsSelectionColumn>N</IsSelectionColumn>
            <ReadOnlyLogic/>
            <EntityType>QSSLEC_FE</EntityType>
            <IsAlwaysUpdateable>N</IsAlwaysUpdateable>
            <ColumnSQL/>
            <MandatoryLogic>@SRI_TaxCode_ID@ &gt; 0</MandatoryLogic>
            <IsAutocomplete>N</IsAutocomplete>
            <IsAllowLogging>Y</IsAllowLogging>
            <FormatPattern/>
            <AD_Chart_ID reference="id"/>
            <AD_Column_UU>d280d427-e6f4-4413-bcec-eacae1cddf78</AD_Column_UU>
            <IsAllowCopy>Y</IsAllowCopy>
            <SeqNoSelection>0</SeqNoSelection>
            <IsToolbarButton>N</IsToolbarButton>
            <IsSecure>N</IsSecure>
            <FKConstraintName>SRITaxRate_CTax</FKConstraintName>
            <FKConstraintType>N</FKConstraintType>
            <PA_DashboardContent_ID reference="id"/>
        </AD_Column>
        <AD_Element type="table">
            <AD_Client_ID>0</AD_Client_ID>
            <AD_Org_ID>0</AD_Org_ID>
            <IsActive>Y</IsActive>
            <ColumnName>LEC_TAXIVARATESRI</ColumnName>
            <Name>LEC_TAXIVARATESRI</Name>
            <Description/>
            <Help/>
            <PrintName>LEC_TAXIVARATESRI</PrintName>
            <PO_Description/>
            <PO_Help/>
            <PO_Name/>
            <PO_PrintName/>
            <EntityType>QSSLEC_FE</EntityType>
            <AD_Element_UU>00cc01f6-7824-4d5f-b00d-a775ee21a727</AD_Element_UU>
            <AD_Element_Trl type="translation">
                <Help/>
                <PO_Description/>
                <PO_Help/>
                <Description/>
                <Name>LEC_TAXIVARATESRI</Name>
                <PrintName>LEC_TAXIVARATESRI</PrintName>
                <PO_Name/>
                <PO_PrintName/>
                <AD_Language>es_EC</AD_Language>
                <IsActive>Y</IsActive>
                <IsTranslated>N</IsTranslated>
            </AD_Element_Trl>
        </AD_Element>
        <AD_Reference type="table">
            <AD_Client_ID>0</AD_Client_ID>
            <AD_Org_ID>0</AD_Org_ID>
            <Name>SRI_TAXIvaRate</Name>
            <Description/>
            <Help/>
            <ValidationType>L</ValidationType>
            <IsActive>Y</IsActive>
            <VFormat/>
            <EntityType>QSSLEC_FE</EntityType>
            <IsOrderByValue>N</IsOrderByValue>
            <AD_Reference_UU>426387ef-9956-4934-817d-aff13032a564</AD_Reference_UU>
            <AD_Reference_Trl type="translation">
                <Help/>
                <Name>SRI_TAXIvaRate</Name>
                <Description/>
                <AD_Language>es_EC</AD_Language>
                <IsActive>Y</IsActive>
                <IsTranslated>N</IsTranslated>
            </AD_Reference_Trl>
            <AD_Ref_List type="table">
                <AD_Client_ID>0</AD_Client_ID>
                <AD_Org_ID>0</AD_Org_ID>
                <Name>0-0%</Name>
                <Description/>
                <AD_Reference_ID reference="uuid" reference-key="AD_Reference">426387ef-9956-4934-817d-aff13032a564</AD_Reference_ID>
                <ValidFrom/>
                <ValidTo/>
                <Value>0</Value>
                <IsActive>Y</IsActive>
                <EntityType>QSSLEC_FE</EntityType>
                <AD_Ref_List_UU>e42d7e20-5fb2-46e5-99ed-ddb073512f31</AD_Ref_List_UU>
                <AD_Ref_List_Trl type="translation">
                    <Description/>
                    <Name>0-0%</Name>
                    <AD_Language>es_EC</AD_Language>
                    <IsActive>Y</IsActive>
                    <IsTranslated>N</IsTranslated>
                </AD_Ref_List_Trl>
            </AD_Ref_List>
            <AD_Ref_List type="table">
                <AD_Client_ID>0</AD_Client_ID>
                <AD_Org_ID>0</AD_Org_ID>
                <Name>2-12%</Name>
                <Description/>
                <AD_Reference_ID reference="uuid" reference-key="AD_Reference">426387ef-9956-4934-817d-aff13032a564</AD_Reference_ID>
                <ValidFrom/>
                <ValidTo/>
                <Value>2</Value>
                <IsActive>Y</IsActive>
                <EntityType>QSSLEC_FE</EntityType>
                <AD_Ref_List_UU>13dfb4ea-f9b7-4a0d-98f7-58cf2afb5f05</AD_Ref_List_UU>
                <AD_Ref_List_Trl type="translation">
                    <Description/>
                    <Name>2-12%</Name>
                    <AD_Language>es_EC</AD_Language>
                    <IsActive>Y</IsActive>
                    <IsTranslated>N</IsTranslated>
                </AD_Ref_List_Trl>
            </AD_Ref_List>
            <AD_Ref_List type="table">
                <AD_Client_ID>0</AD_Client_ID>
                <AD_Org_ID>0</AD_Org_ID>
                <Name>6-No Objeto de Impuesto</Name>
                <Description/>
                <AD_Reference_ID reference="uuid" reference-key="AD_Reference">426387ef-9956-4934-817d-aff13032a564</AD_Reference_ID>
                <ValidFrom/>
                <ValidTo/>
                <Value>6</Value>
                <IsActive>Y</IsActive>
                <EntityType>QSSLEC_FE</EntityType>
                <AD_Ref_List_UU>0e7af5a1-a22f-4ef0-bdd9-1355e3610715</AD_Ref_List_UU>
                <AD_Ref_List_Trl type="translation">
                    <Description/>
                    <Name>6-No Objeto de Impuesto</Name>
                    <AD_Language>es_EC</AD_Language>
                    <IsActive>Y</IsActive>
                    <IsTranslated>N</IsTranslated>
                </AD_Ref_List_Trl>
            </AD_Ref_List>
            <AD_Ref_List type="table">
                <AD_Client_ID>0</AD_Client_ID>
                <AD_Org_ID>0</AD_Org_ID>
                <Name>7-Excento de IVA</Name>
                <Description/>
                <AD_Reference_ID reference="uuid" reference-key="AD_Reference">426387ef-9956-4934-817d-aff13032a564</AD_Reference_ID>
                <ValidFrom/>
                <ValidTo/>
                <Value>7</Value>
                <IsActive>Y</IsActive>
                <EntityType>QSSLEC_FE</EntityType>
                <AD_Ref_List_UU>e66dd8f0-3d66-448a-ba10-d5e1258aa5ac</AD_Ref_List_UU>
                <AD_Ref_List_Trl type="translation">
                    <Description/>
                    <Name>7-Excento de IVA</Name>
                    <AD_Language>es_EC</AD_Language>
                    <IsActive>Y</IsActive>
                    <IsTranslated>N</IsTranslated>
                </AD_Ref_List_Trl>
            </AD_Ref_List>
        </AD_Reference>
        <AD_Column type="table">
            <IsSyncDatabase>Y</IsSyncDatabase>
            <AD_Table_ID reference="id">261</AD_Table_ID>
            <AD_Reference_Value_ID reference="uuid" reference-key="AD_Reference">426387ef-9956-4934-817d-aff13032a564</AD_Reference_Value_ID>
            <AD_Client_ID>0</AD_Client_ID>
            <AD_Org_ID>0</AD_Org_ID>
            <Version>0</Version>
            <Name>LEC_TAXIVARATESRI</Name>
            <Description/>
            <Help/>
            <AD_Val_Rule_ID reference="id"/>
            <ColumnName>LEC_TAXIVARATESRI</ColumnName>
            <DefaultValue/>
            <FieldLength>1</FieldLength>
            <IsKey>N</IsKey>
            <IsParent>N</IsParent>
            <IsMandatory>N</IsMandatory>
            <IsTranslated>N</IsTranslated>
            <IsIdentifier>N</IsIdentifier>
            <SeqNo>0</SeqNo>
            <IsEncrypted>N</IsEncrypted>
            <AD_Reference_ID reference="id">17</AD_Reference_ID>
            <IsActive>Y</IsActive>
            <VFormat/>
            <Callout/>
            <AD_Element_ID reference="uuid" reference-key="AD_Element">00cc01f6-7824-4d5f-b00d-a775ee21a727</AD_Element_ID>
            <IsUpdateable>Y</IsUpdateable>
            <AD_Process_ID reference="id"/>
            <ValueMin/>
            <ValueMax/>
            <IsSelectionColumn>N</IsSelectionColumn>
            <ReadOnlyLogic/>
            <EntityType>QSSLEC_FE</EntityType>
            <IsAlwaysUpdateable>N</IsAlwaysUpdateable>
            <ColumnSQL/>
            <MandatoryLogic/>
            <IsAutocomplete>N</IsAutocomplete>
            <IsAllowLogging>Y</IsAllowLogging>
            <FormatPattern/>
            <AD_Chart_ID reference="id"/>
            <AD_Column_UU>10657f7d-6828-460a-a8be-49f9d6f47393</AD_Column_UU>
            <IsAllowCopy>Y</IsAllowCopy>
            <SeqNoSelection>0</SeqNoSelection>
            <IsToolbarButton>N</IsToolbarButton>
            <IsSecure>N</IsSecure>
            <FKConstraintName/>
            <FKConstraintType>N</FKConstraintType>
            <PA_DashboardContent_ID reference="id"/>
        </AD_Column>
        <AD_TableIndex type="table">
            <AD_TableIndex_ID>200540</AD_TableIndex_ID>
            <AD_Client_ID>0</AD_Client_ID>
            <AD_Org_ID>0</AD_Org_ID>
            <AD_TableIndex_ID>200540</AD_TableIndex_ID>
            <AD_TableIndex_UU>b63476f5-8920-4ba9-9d73-9b00fbefb2d1</AD_TableIndex_UU>
            <Description/>
            <EntityType>D</EntityType>
            <IsActive>Y</IsActive>
            <Name>c_tax_uu_idx</Name>
            <AD_Table_ID reference="id">261</AD_Table_ID>
            <Help/>
            <IsCreateConstraint>N</IsCreateConstraint>
            <IsUnique>Y</IsUnique>
            <Processing>N</Processing>
            <AD_Message_ID reference="id"/>
            <TableIndexDrop/>
            <IsKey>N</IsKey>
            <AD_IndexColumn type="table">
                <AD_IndexColumn_ID>200629</AD_IndexColumn_ID>
                <AD_Client_ID>0</AD_Client_ID>
                <AD_Org_ID>0</AD_Org_ID>
                <AD_IndexColumn_ID>200629</AD_IndexColumn_ID>
                <AD_IndexColumn_UU>a3a83fc0-bca0-4a57-99e1-dc5a4485b5a5</AD_IndexColumn_UU>
                <EntityType>D</EntityType>
                <IsActive>Y</IsActive>
                <AD_Column_ID reference="id">60769</AD_Column_ID>
                <AD_TableIndex_ID reference="id">200540</AD_TableIndex_ID>
                <ColumnSQL/>
                <SeqNo>1</SeqNo>
            </AD_IndexColumn>
        </AD_TableIndex>
        <AD_TableIndex type="table">
            <AD_TableIndex_ID>200541</AD_TableIndex_ID>
            <AD_Client_ID>0</AD_Client_ID>
            <AD_Org_ID>0</AD_Org_ID>
            <AD_TableIndex_ID>200541</AD_TableIndex_ID>
            <AD_TableIndex_UU>eb96d05c-c31a-4968-b9f2-8bd1f59df367</AD_TableIndex_UU>
            <Description/>
            <EntityType>D</EntityType>
            <IsActive>Y</IsActive>
            <Name>c_tax_name</Name>
            <AD_Table_ID reference="id">261</AD_Table_ID>
            <Help/>
            <IsCreateConstraint>N</IsCreateConstraint>
            <IsUnique>Y</IsUnique>
            <Processing>N</Processing>
            <AD_Message_ID reference="id"/>
            <TableIndexDrop/>
            <IsKey>N</IsKey>
            <AD_IndexColumn type="table">
                <AD_IndexColumn_ID>200630</AD_IndexColumn_ID>
                <AD_Client_ID>0</AD_Client_ID>
                <AD_Org_ID>0</AD_Org_ID>
                <AD_IndexColumn_ID>200630</AD_IndexColumn_ID>
                <AD_IndexColumn_UU>ee02e458-ede7-4c32-8fdf-3cec0f095163</AD_IndexColumn_UU>
                <EntityType>D</EntityType>
                <IsActive>Y</IsActive>
                <AD_Column_ID reference="id">2241</AD_Column_ID>
                <AD_TableIndex_ID reference="id">200541</AD_TableIndex_ID>
                <ColumnSQL/>
                <SeqNo>1</SeqNo>
            </AD_IndexColumn>
            <AD_IndexColumn type="table">
                <AD_IndexColumn_ID>200631</AD_IndexColumn_ID>
                <AD_Client_ID>0</AD_Client_ID>
                <AD_Org_ID>0</AD_Org_ID>
                <AD_IndexColumn_ID>200631</AD_IndexColumn_ID>
                <AD_IndexColumn_UU>d3a5c7ce-b862-424f-b63b-0d9617ed3754</AD_IndexColumn_UU>
                <EntityType>D</EntityType>
                <IsActive>Y</IsActive>
                <AD_Column_ID reference="id">2246</AD_Column_ID>
                <AD_TableIndex_ID reference="id">200541</AD_TableIndex_ID>
                <ColumnSQL/>
                <SeqNo>2</SeqNo>
            </AD_IndexColumn>
        </AD_TableIndex>
        <AD_TableIndex type="table">
            <AD_TableIndex_ID>200542</AD_TableIndex_ID>
            <AD_Client_ID>0</AD_Client_ID>
            <AD_Org_ID>0</AD_Org_ID>
            <AD_TableIndex_ID>200542</AD_TableIndex_ID>
            <AD_TableIndex_UU>afe0cb49-7e7b-400b-9186-b477ffb42348</AD_TableIndex_UU>
            <Description/>
            <EntityType>D</EntityType>
            <IsActive>Y</IsActive>
            <Name>c_tax_key</Name>
            <AD_Table_ID reference="id">261</AD_Table_ID>
            <Help/>
            <IsCreateConstraint>N</IsCreateConstraint>
            <IsUnique>Y</IsUnique>
            <Processing>N</Processing>
            <AD_Message_ID reference="id"/>
            <TableIndexDrop/>
            <IsKey>N</IsKey>
            <AD_IndexColumn type="table">
                <AD_IndexColumn_ID>200632</AD_IndexColumn_ID>
                <AD_Client_ID>0</AD_Client_ID>
                <AD_Org_ID>0</AD_Org_ID>
                <AD_IndexColumn_ID>200632</AD_IndexColumn_ID>
                <AD_IndexColumn_UU>b38f88ec-58ea-4c4b-9d62-adaef3f9069b</AD_IndexColumn_UU>
                <EntityType>D</EntityType>
                <IsActive>Y</IsActive>
                <AD_Column_ID reference="id">2240</AD_Column_ID>
                <AD_TableIndex_ID reference="id">200542</AD_TableIndex_ID>
                <ColumnSQL/>
                <SeqNo>1</SeqNo>
            </AD_IndexColumn>
        </AD_TableIndex>
        <AD_Field type="table">
            <AD_Field_ID>54440</AD_Field_ID>
            <AD_Client_ID>0</AD_Client_ID>
            <AD_Org_ID>0</AD_Org_ID>
            <AD_Field_ID>54440</AD_Field_ID>
            <Name>Rule</Name>
            <Description/>
            <Help/>
            <AD_Tab_ID reference="id">174</AD_Tab_ID>
            <AD_Column_ID reference="id">54408</AD_Column_ID>
            <IsDisplayed>Y</IsDisplayed>
            <DisplayLogic/>
            <DisplayLength>22</DisplayLength>
            <SeqNo>180</SeqNo>
            <SortNo>0</SortNo>
            <IsSameLine>Y</IsSameLine>
            <IsHeading>N</IsHeading>
            <IsFieldOnly>N</IsFieldOnly>
            <IsEncrypted>N</IsEncrypted>
            <IsActive>N</IsActive>
            <IsReadOnly>N</IsReadOnly>
            <IsCentrallyMaintained>Y</IsCentrallyMaintained>
            <AD_FieldGroup_ID reference="id"/>
            <EntityType>EE04</EntityType>
            <ObscureType/>
            <AD_Reference_ID reference="id"/>
            <IsMandatory/>
            <DefaultValue/>
            <AD_Reference_Value_ID reference="id"/>
            <AD_Val_Rule_ID reference="id"/>
            <Included_Tab_ID reference="id"/>
            <AD_Field_UU>0fcfab8b-d5cc-474c-a61b-377fc8a2f291</AD_Field_UU>
            <IsAllowCopy/>
            <IsDisplayedGrid>Y</IsDisplayedGrid>
            <SeqNoGrid>180</SeqNoGrid>
            <XPosition>4</XPosition>
            <ColumnSpan>2</ColumnSpan>
            <NumLines>1</NumLines>
            <IsQuickEntry>N</IsQuickEntry>
            <IsUpdateable/>
            <IsAlwaysUpdateable/>
            <MandatoryLogic/>
            <ReadOnlyLogic/>
            <IsToolbarButton/>
            <IsDefaultFocus>N</IsDefaultFocus>
            <IsAdvancedField>N</IsAdvancedField>
            <VFormat/>
            <AD_LabelStyle_ID reference="id"/>
            <AD_FieldStyle_ID reference="id"/>
            <AD_Field_Trl type="translation">
                <Help/>
                <Description/>
                <Name>Rule</Name>
                <AD_Language>es_EC</AD_Language>
                <IsActive>Y</IsActive>
                <IsTranslated>N</IsTranslated>
            </AD_Field_Trl>
        </AD_Field>
        <AD_Field type="table">
            <AD_Client_ID>0</AD_Client_ID>
            <AD_Org_ID>0</AD_Org_ID>
            <Name>LEC_TaxTypeSRI</Name>
            <Description/>
            <Help/>
            <AD_Tab_ID reference="id">174</AD_Tab_ID>
            <AD_Column_ID reference="uuid" reference-key="AD_Column">ed2bf413-f999-4fbe-812c-e6de7bfc2529</AD_Column_ID>
            <IsDisplayed>Y</IsDisplayed>
            <DisplayLogic/>
            <DisplayLength>1</DisplayLength>
            <SeqNo>230</SeqNo>
            <SortNo/>
            <IsSameLine>N</IsSameLine>
            <IsHeading>N</IsHeading>
            <IsFieldOnly>N</IsFieldOnly>
            <IsEncrypted>N</IsEncrypted>
            <IsActive>Y</IsActive>
            <IsReadOnly>N</IsReadOnly>
            <IsCentrallyMaintained>Y</IsCentrallyMaintained>
            <AD_FieldGroup_ID reference="id"/>
            <EntityType>QSSLEC_FE</EntityType>
            <ObscureType/>
            <AD_Reference_ID reference="id"/>
            <IsMandatory/>
            <DefaultValue/>
            <AD_Reference_Value_ID reference="id"/>
            <AD_Val_Rule_ID reference="id"/>
            <Included_Tab_ID reference="id"/>
            <AD_Field_UU>0285d131-5157-422e-a883-b063282d20ca</AD_Field_UU>
            <IsAllowCopy/>
            <IsDisplayedGrid>Y</IsDisplayedGrid>
            <SeqNoGrid>250</SeqNoGrid>
            <XPosition>1</XPosition>
            <ColumnSpan>2</ColumnSpan>
            <NumLines>1</NumLines>
            <IsQuickEntry>N</IsQuickEntry>
            <IsUpdateable/>
            <IsAlwaysUpdateable/>
            <MandatoryLogic/>
            <ReadOnlyLogic/>
            <IsToolbarButton/>
            <IsDefaultFocus>N</IsDefaultFocus>
            <IsAdvancedField>N</IsAdvancedField>
            <VFormat/>
            <AD_LabelStyle_ID reference="id"/>
            <AD_FieldStyle_ID reference="id"/>
            <AD_Field_Trl type="translation">
                <Help/>
                <Description/>
                <Name>LEC_TaxTypeSRI</Name>
                <AD_Language>es_EC</AD_Language>
                <IsActive>Y</IsActive>
                <IsTranslated>N</IsTranslated>
            </AD_Field_Trl>
        </AD_Field>
        <AD_Field type="table">
            <AD_Client_ID>0</AD_Client_ID>
            <AD_Org_ID>0</AD_Org_ID>
            <Name>SRI Tax Code</Name>
            <Description/>
            <Help/>
            <AD_Tab_ID reference="id">174</AD_Tab_ID>
            <AD_Column_ID reference="uuid" reference-key="AD_Column">f77b241d-24ba-4c2a-b424-c43e413173d8</AD_Column_ID>
            <IsDisplayed>Y</IsDisplayed>
            <DisplayLogic/>
            <DisplayLength>22</DisplayLength>
            <SeqNo>240</SeqNo>
            <SortNo/>
            <IsSameLine>N</IsSameLine>
            <IsHeading>N</IsHeading>
            <IsFieldOnly>N</IsFieldOnly>
            <IsEncrypted>N</IsEncrypted>
            <IsActive>Y</IsActive>
            <IsReadOnly>N</IsReadOnly>
            <IsCentrallyMaintained>Y</IsCentrallyMaintained>
            <AD_FieldGroup_ID reference="id"/>
            <EntityType>QSSLEC_FE</EntityType>
            <ObscureType/>
            <AD_Reference_ID reference="id"/>
            <IsMandatory/>
            <DefaultValue/>
            <AD_Reference_Value_ID reference="id"/>
            <AD_Val_Rule_ID reference="id"/>
            <Included_Tab_ID reference="id"/>
            <AD_Field_UU>785e2b00-929b-4e66-9675-31f6564f1eba</AD_Field_UU>
            <IsAllowCopy/>
            <IsDisplayedGrid>Y</IsDisplayedGrid>
            <SeqNoGrid>260</SeqNoGrid>
            <XPosition>1</XPosition>
            <ColumnSpan>2</ColumnSpan>
            <NumLines>1</NumLines>
            <IsQuickEntry>N</IsQuickEntry>
            <IsUpdateable/>
            <IsAlwaysUpdateable/>
            <MandatoryLogic/>
            <ReadOnlyLogic/>
            <IsToolbarButton/>
            <IsDefaultFocus>N</IsDefaultFocus>
            <IsAdvancedField>N</IsAdvancedField>
            <VFormat/>
            <AD_LabelStyle_ID reference="id"/>
            <AD_FieldStyle_ID reference="id"/>
            <AD_Field_Trl type="translation">
                <Help/>
                <Description/>
                <Name>SRI Tax Code</Name>
                <AD_Language>es_EC</AD_Language>
                <IsActive>Y</IsActive>
                <IsTranslated>N</IsTranslated>
            </AD_Field_Trl>
        </AD_Field>
        <AD_Field type="table">
            <AD_Client_ID>0</AD_Client_ID>
            <AD_Org_ID>0</AD_Org_ID>
            <Name>SRI_TaxRate</Name>
            <Description/>
            <Help/>
            <AD_Tab_ID reference="id">174</AD_Tab_ID>
            <AD_Column_ID reference="uuid" reference-key="AD_Column">d280d427-e6f4-4413-bcec-eacae1cddf78</AD_Column_ID>
            <IsDisplayed>Y</IsDisplayed>
            <DisplayLogic/>
            <DisplayLength>22</DisplayLength>
            <SeqNo>250</SeqNo>
            <SortNo/>
            <IsSameLine>N</IsSameLine>
            <IsHeading>N</IsHeading>
            <IsFieldOnly>N</IsFieldOnly>
            <IsEncrypted>N</IsEncrypted>
            <IsActive>Y</IsActive>
            <IsReadOnly>N</IsReadOnly>
            <IsCentrallyMaintained>Y</IsCentrallyMaintained>
            <AD_FieldGroup_ID reference="id"/>
            <EntityType>QSSLEC_FE</EntityType>
            <ObscureType/>
            <AD_Reference_ID reference="id"/>
            <IsMandatory/>
            <DefaultValue/>
            <AD_Reference_Value_ID reference="id"/>
            <AD_Val_Rule_ID reference="id"/>
            <Included_Tab_ID reference="id"/>
            <AD_Field_UU>dfc25108-02a5-4b9c-a938-c90d3f3930d9</AD_Field_UU>
            <IsAllowCopy/>
            <IsDisplayedGrid>Y</IsDisplayedGrid>
            <SeqNoGrid>270</SeqNoGrid>
            <XPosition>4</XPosition>
            <ColumnSpan>2</ColumnSpan>
            <NumLines>1</NumLines>
            <IsQuickEntry>N</IsQuickEntry>
            <IsUpdateable/>
            <IsAlwaysUpdateable/>
            <MandatoryLogic/>
            <ReadOnlyLogic/>
            <IsToolbarButton/>
            <IsDefaultFocus>N</IsDefaultFocus>
            <IsAdvancedField>N</IsAdvancedField>
            <VFormat/>
            <AD_LabelStyle_ID reference="id"/>
            <AD_FieldStyle_ID reference="id"/>
            <AD_Field_Trl type="translation">
                <Help/>
                <Description/>
                <Name>SRI_TaxRate</Name>
                <AD_Language>es_EC</AD_Language>
                <IsActive>Y</IsActive>
                <IsTranslated>N</IsTranslated>
            </AD_Field_Trl>
        </AD_Field>
        <AD_TableIndex type="table">
            <AD_TableIndex_ID>200543</AD_TableIndex_ID>
            <AD_Client_ID>0</AD_Client_ID>
            <AD_Org_ID>0</AD_Org_ID>
            <AD_TableIndex_ID>200543</AD_TableIndex_ID>
            <AD_TableIndex_UU>f0769810-80b5-4eca-8de4-784d8e13fddf</AD_TableIndex_UU>
            <Description/>
            <EntityType>D</EntityType>
            <IsActive>Y</IsActive>
            <Name>c_tax_acct_uu_idx</Name>
            <AD_Table_ID reference="id">399</AD_Table_ID>
            <Help/>
            <IsCreateConstraint>N</IsCreateConstraint>
            <IsUnique>Y</IsUnique>
            <Processing>N</Processing>
            <AD_Message_ID reference="id"/>
            <TableIndexDrop/>
            <IsKey>N</IsKey>
            <AD_IndexColumn type="table">
                <AD_IndexColumn_ID>200633</AD_IndexColumn_ID>
                <AD_Client_ID>0</AD_Client_ID>
                <AD_Org_ID>0</AD_Org_ID>
                <AD_IndexColumn_ID>200633</AD_IndexColumn_ID>
                <AD_IndexColumn_UU>7369a6bc-c962-461a-9bd8-60413486314c</AD_IndexColumn_UU>
                <EntityType>D</EntityType>
                <IsActive>Y</IsActive>
                <AD_Column_ID reference="id">60770</AD_Column_ID>
                <AD_TableIndex_ID reference="id">200543</AD_TableIndex_ID>
                <ColumnSQL/>
                <SeqNo>1</SeqNo>
            </AD_IndexColumn>
        </AD_TableIndex>
        <AD_TableIndex type="table">
            <AD_TableIndex_ID>200554</AD_TableIndex_ID>
            <AD_Client_ID>0</AD_Client_ID>
            <AD_Org_ID>0</AD_Org_ID>
            <AD_TableIndex_ID>200554</AD_TableIndex_ID>
            <AD_TableIndex_UU>127c7169-8dde-4d21-892e-e7255add0f04</AD_TableIndex_UU>
            <Description/>
            <EntityType>D</EntityType>
            <IsActive>Y</IsActive>
            <Name>c_taxpostal_uu_idx</Name>
            <AD_Table_ID reference="id">701</AD_Table_ID>
            <Help/>
            <IsCreateConstraint>N</IsCreateConstraint>
            <IsUnique>Y</IsUnique>
            <Processing>N</Processing>
            <AD_Message_ID reference="id"/>
            <TableIndexDrop/>
            <IsKey>N</IsKey>
            <AD_IndexColumn type="table">
                <AD_IndexColumn_ID>200645</AD_IndexColumn_ID>
                <AD_Client_ID>0</AD_Client_ID>
                <AD_Org_ID>0</AD_Org_ID>
                <AD_IndexColumn_ID>200645</AD_IndexColumn_ID>
                <AD_IndexColumn_UU>9747c21f-0167-42ce-a07e-85b75f49ac22</AD_IndexColumn_UU>
                <EntityType>D</EntityType>
                <IsActive>Y</IsActive>
                <AD_Column_ID reference="id">60779</AD_Column_ID>
                <AD_TableIndex_ID reference="id">200554</AD_TableIndex_ID>
                <ColumnSQL/>
                <SeqNo>1</SeqNo>
            </AD_IndexColumn>
        </AD_TableIndex>
    </AD_Menu>
    <AD_Menu type="table">
        <Parent_ID reference="id">164</Parent_ID>
        <SeqNo>11</SeqNo>
        <AD_Menu_ID>121</AD_Menu_ID>
        <AD_Client_ID>0</AD_Client_ID>
        <AD_Org_ID>0</AD_Org_ID>
        <AD_Menu_ID>121</AD_Menu_ID>
        <Name>Document Type</Name>
        <Description>Maintain Document Types</Description>
        <Action>W</Action>
        <AD_Window_ID reference="id">135</AD_Window_ID>
        <AD_Workflow_ID reference="id"/>
        <AD_Task_ID reference="id"/>
        <IsActive>Y</IsActive>
        <IsSummary>N</IsSummary>
        <AD_Process_ID reference="id"/>
        <IsSOTrx>Y</IsSOTrx>
        <AD_Form_ID reference="id"/>
        <IsReadOnly>N</IsReadOnly>
        <EntityType>D</EntityType>
        <IsCentrallyMaintained>Y</IsCentrallyMaintained>
        <AD_Menu_UU>0c2c2c6d-4de6-4559-9a6e-81f1c0f3942f</AD_Menu_UU>
        <AD_InfoWindow_ID reference="id"/>
        <AD_Menu_Trl type="translation">
            <Name>Tipo de Documento</Name>
            <Description>Mantener tipos de documentos</Description>
            <AD_Language>es_EC</AD_Language>
            <IsActive>Y</IsActive>
            <IsTranslated>Y</IsTranslated>
        </AD_Menu_Trl>
        <AD_Ref_List type="table">
            <AD_Ref_List_ID>53235</AD_Ref_List_ID>
            <AD_Client_ID>0</AD_Client_ID>
            <AD_Org_ID>0</AD_Org_ID>
            <AD_Ref_List_ID>53235</AD_Ref_List_ID>
            <Name>Manufacturing Order</Name>
            <Description/>
            <AD_Reference_ID reference="id">183</AD_Reference_ID>
            <ValidFrom/>
            <ValidTo/>
            <Value>MOP</Value>
            <IsActive>Y</IsActive>
            <EntityType>EE01</EntityType>
            <AD_Ref_List_UU>0e55eb68-2a07-4056-bc6a-102c90880917</AD_Ref_List_UU>
            <AD_Ref_List_Trl type="translation">
                <Description/>
                <Name>Orden de Manufactura</Name>
                <AD_Language>es_EC</AD_Language>
                <IsActive>Y</IsActive>
                <IsTranslated>Y</IsTranslated>
            </AD_Ref_List_Trl>
        </AD_Ref_List>
        <AD_Ref_List type="table">
            <AD_Ref_List_ID>53239</AD_Ref_List_ID>
            <AD_Client_ID>0</AD_Client_ID>
            <AD_Org_ID>0</AD_Org_ID>
            <AD_Ref_List_ID>53239</AD_Ref_List_ID>
            <Name>Quality Order</Name>
            <Description/>
            <AD_Reference_ID reference="id">183</AD_Reference_ID>
            <ValidFrom/>
            <ValidTo/>
            <Value>MQO</Value>
            <IsActive>Y</IsActive>
            <EntityType>EE01</EntityType>
            <AD_Ref_List_UU>efc21acb-0006-4cf1-ae51-764c10010758</AD_Ref_List_UU>
            <AD_Ref_List_Trl type="translation">
                <Description/>
                <Name>Orden de Calidad</Name>
                <AD_Language>es_EC</AD_Language>
                <IsActive>Y</IsActive>
                <IsTranslated>Y</IsTranslated>
            </AD_Ref_List_Trl>
        </AD_Ref_List>
        <AD_Ref_List type="table">
            <AD_Ref_List_ID>53240</AD_Ref_List_ID>
            <AD_Client_ID>0</AD_Client_ID>
            <AD_Org_ID>0</AD_Org_ID>
            <AD_Ref_List_ID>53240</AD_Ref_List_ID>
            <Name>Payroll</Name>
            <Description/>
            <AD_Reference_ID reference="id">183</AD_Reference_ID>
            <ValidFrom/>
            <ValidTo/>
            <Value>HRP</Value>
            <IsActive>Y</IsActive>
            <EntityType>EE02</EntityType>
            <AD_Ref_List_UU>2ab90cc0-c44e-44fd-bc45-bb3383ec338c</AD_Ref_List_UU>
            <AD_Ref_List_Trl type="translation">
                <Description/>
                <Name>Nómina</Name>
                <AD_Language>es_EC</AD_Language>
                <IsActive>Y</IsActive>
                <IsTranslated>Y</IsTranslated>
            </AD_Ref_List_Trl>
        </AD_Ref_List>
        <AD_Ref_List type="table">
            <AD_Ref_List_ID>53453</AD_Ref_List_ID>
            <AD_Client_ID>0</AD_Client_ID>
            <AD_Org_ID>0</AD_Org_ID>
            <AD_Ref_List_ID>53453</AD_Ref_List_ID>
            <Name>Manufacturing Cost Collector</Name>
            <Description/>
            <AD_Reference_ID reference="id">183</AD_Reference_ID>
            <ValidFrom/>
            <ValidTo/>
            <Value>MCC</Value>
            <IsActive>Y</IsActive>
            <EntityType>EE01</EntityType>
            <AD_Ref_List_UU>cd368ff2-7110-4475-b854-57448e89376e</AD_Ref_List_UU>
            <AD_Ref_List_Trl type="translation">
                <Description/>
                <Name>Colector de Costos de Manufactura</Name>
                <AD_Language>es_EC</AD_Language>
                <IsActive>Y</IsActive>
                <IsTranslated>Y</IsTranslated>
            </AD_Ref_List_Trl>
        </AD_Ref_List>
        <AD_Ref_List type="table">
            <AD_Ref_List_ID>53232</AD_Ref_List_ID>
            <AD_Client_ID>0</AD_Client_ID>
            <AD_Org_ID>0</AD_Org_ID>
            <AD_Ref_List_ID>53232</AD_Ref_List_ID>
            <Name>Maintenance Order</Name>
            <Description/>
            <AD_Reference_ID reference="id">183</AD_Reference_ID>
            <ValidFrom/>
            <ValidTo/>
            <Value>MOF</Value>
            <IsActive>Y</IsActive>
            <EntityType>EE01</EntityType>
            <AD_Ref_List_UU>a89f18f0-e253-417b-a1c8-cf7e3483ec67</AD_Ref_List_UU>
            <AD_Ref_List_Trl type="translation">
                <Description/>
                <Name>Orden de Mantenimiento</Name>
                <AD_Language>es_EC</AD_Language>
                <IsActive>Y</IsActive>
                <IsTranslated>Y</IsTranslated>
            </AD_Ref_List_Trl>
        </AD_Ref_List>
        <AD_Ref_List type="table">
            <AD_Ref_List_ID>53241</AD_Ref_List_ID>
            <AD_Client_ID>0</AD_Client_ID>
            <AD_Org_ID>0</AD_Org_ID>
            <AD_Ref_List_ID>53241</AD_Ref_List_ID>
            <Name>Distribution Order</Name>
            <Description/>
            <AD_Reference_ID reference="id">183</AD_Reference_ID>
            <ValidFrom/>
            <ValidTo/>
            <Value>DOO</Value>
            <IsActive>Y</IsActive>
            <EntityType>EE01</EntityType>
            <AD_Ref_List_UU>31c4b671-5bdc-41d1-9e33-319c168111e5</AD_Ref_List_UU>
            <AD_Ref_List_Trl type="translation">
                <Description/>
                <Name>Orden de Distribución</Name>
                <AD_Language>es_EC</AD_Language>
                <IsActive>Y</IsActive>
                <IsTranslated>Y</IsTranslated>
            </AD_Ref_List_Trl>
        </AD_Ref_List>
        <AD_Element type="table">
            <AD_Client_ID>0</AD_Client_ID>
            <AD_Org_ID>0</AD_Org_ID>
            <IsActive>Y</IsActive>
            <ColumnName>GenerateWithholding</ColumnName>
            <Name>Generate Withholding</Name>
            <Description/>
            <Help/>
            <PrintName>Generate Withholding</PrintName>
            <PO_Description/>
            <PO_Help/>
            <PO_Name/>
            <PO_PrintName/>
            <EntityType>QSS_LCO</EntityType>
            <AD_Element_UU>bb3993eb-bd98-41c2-9b7b-fdc29ad9b684</AD_Element_UU>
            <AD_Element_Trl type="translation">
                <Help/>
                <PO_Description/>
                <PO_Help/>
                <Description/>
                <Name>Generate Withholding</Name>
                <PrintName>Generate Withholding</PrintName>
                <PO_Name/>
                <PO_PrintName/>
                <AD_Language>es_EC</AD_Language>
                <IsActive>Y</IsActive>
                <IsTranslated>N</IsTranslated>
            </AD_Element_Trl>
        </AD_Element>
        <AD_Reference type="table">
            <AD_Client_ID>0</AD_Client_ID>
            <AD_Org_ID>0</AD_Org_ID>
            <Name>LCO_GenerateWithdHolding on DocType</Name>
            <Description/>
            <Help/>
            <ValidationType>L</ValidationType>
            <IsActive>Y</IsActive>
            <VFormat/>
            <EntityType>QSS_LCO</EntityType>
            <IsOrderByValue>N</IsOrderByValue>
            <AD_Reference_UU>dab10b92-1daf-4e1b-b1d3-f91f9e954ec7</AD_Reference_UU>
            <AD_Reference_Trl type="translation">
                <Help/>
                <Name>LCO_GenerateWithdHolding on DocType</Name>
                <Description/>
                <AD_Language>es_EC</AD_Language>
                <IsActive>Y</IsActive>
                <IsTranslated>N</IsTranslated>
            </AD_Reference_Trl>
            <AD_Ref_List type="table">
                <AD_Client_ID>0</AD_Client_ID>
                <AD_Org_ID>0</AD_Org_ID>
                <Name>Yes</Name>
                <Description/>
                <AD_Reference_ID reference="uuid" reference-key="AD_Reference">dab10b92-1daf-4e1b-b1d3-f91f9e954ec7</AD_Reference_ID>
                <ValidFrom/>
                <ValidTo/>
                <Value>Y</Value>
                <IsActive>Y</IsActive>
                <EntityType>QSS_LCO</EntityType>
                <AD_Ref_List_UU>5b51b2ba-cd8e-4958-a276-541c866ce01a</AD_Ref_List_UU>
                <AD_Ref_List_Trl type="translation">
                    <Description/>
                    <Name>Yes</Name>
                    <AD_Language>es_EC</AD_Language>
                    <IsActive>Y</IsActive>
                    <IsTranslated>N</IsTranslated>
                </AD_Ref_List_Trl>
            </AD_Ref_List>
            <AD_Ref_List type="table">
                <AD_Client_ID>0</AD_Client_ID>
                <AD_Org_ID>0</AD_Org_ID>
                <Name>No</Name>
                <Description/>
                <AD_Reference_ID reference="uuid" reference-key="AD_Reference">dab10b92-1daf-4e1b-b1d3-f91f9e954ec7</AD_Reference_ID>
                <ValidFrom/>
                <ValidTo/>
                <Value>N</Value>
                <IsActive>Y</IsActive>
                <EntityType>QSS_LCO</EntityType>
                <AD_Ref_List_UU>611b1745-25bd-4f80-8cbe-5c7d4525ab3b</AD_Ref_List_UU>
                <AD_Ref_List_Trl type="translation">
                    <Description/>
                    <Name>No</Name>
                    <AD_Language>es_EC</AD_Language>
                    <IsActive>Y</IsActive>
                    <IsTranslated>N</IsTranslated>
                </AD_Ref_List_Trl>
            </AD_Ref_List>
            <AD_Ref_List type="table">
                <AD_Client_ID>0</AD_Client_ID>
                <AD_Org_ID>0</AD_Org_ID>
                <Name>Auto</Name>
                <Description/>
                <AD_Reference_ID reference="uuid" reference-key="AD_Reference">dab10b92-1daf-4e1b-b1d3-f91f9e954ec7</AD_Reference_ID>
                <ValidFrom/>
                <ValidTo/>
                <Value>A</Value>
                <IsActive>Y</IsActive>
                <EntityType>QSS_LCO</EntityType>
                <AD_Ref_List_UU>b3add610-f487-42b0-a875-5dac7cc9c041</AD_Ref_List_UU>
                <AD_Ref_List_Trl type="translation">
                    <Description/>
                    <Name>Auto</Name>
                    <AD_Language>es_EC</AD_Language>
                    <IsActive>Y</IsActive>
                    <IsTranslated>N</IsTranslated>
                </AD_Ref_List_Trl>
            </AD_Ref_List>
        </AD_Reference>
        <AD_Column type="table">
            <IsSyncDatabase>Y</IsSyncDatabase>
            <AD_Table_ID reference="id">217</AD_Table_ID>
            <AD_Reference_Value_ID reference="uuid" reference-key="AD_Reference">dab10b92-1daf-4e1b-b1d3-f91f9e954ec7</AD_Reference_Value_ID>
            <AD_Client_ID>0</AD_Client_ID>
            <AD_Org_ID>0</AD_Org_ID>
            <Version>0</Version>
            <Name>Generate Withholding</Name>
            <Description/>
            <Help/>
            <AD_Val_Rule_ID reference="id"/>
            <ColumnName>GenerateWithholding</ColumnName>
            <DefaultValue>N</DefaultValue>
            <FieldLength>1</FieldLength>
            <IsKey>N</IsKey>
            <IsParent>N</IsParent>
            <IsMandatory>N</IsMandatory>
            <IsTranslated>N</IsTranslated>
            <IsIdentifier>N</IsIdentifier>
            <SeqNo/>
            <IsEncrypted>N</IsEncrypted>
            <AD_Reference_ID reference="id">17</AD_Reference_ID>
            <IsActive>Y</IsActive>
            <VFormat/>
            <Callout/>
            <AD_Element_ID reference="uuid" reference-key="AD_Element">bb3993eb-bd98-41c2-9b7b-fdc29ad9b684</AD_Element_ID>
            <IsUpdateable>Y</IsUpdateable>
            <AD_Process_ID reference="id"/>
            <ValueMin/>
            <ValueMax/>
            <IsSelectionColumn>N</IsSelectionColumn>
            <ReadOnlyLogic/>
            <EntityType>QSS_LCO</EntityType>
            <IsAlwaysUpdateable>N</IsAlwaysUpdateable>
            <ColumnSQL/>
            <MandatoryLogic/>
            <IsAutocomplete>N</IsAutocomplete>
            <IsAllowLogging>Y</IsAllowLogging>
            <FormatPattern/>
            <AD_Chart_ID reference="id"/>
            <AD_Column_UU>8f7d46bc-9f79-47b6-a52d-4a32df433cd0</AD_Column_UU>
            <IsAllowCopy>Y</IsAllowCopy>
            <SeqNoSelection/>
            <IsToolbarButton>N</IsToolbarButton>
            <IsSecure>N</IsSecure>
            <FKConstraintName/>
            <FKConstraintType>N</FKConstraintType>
            <PA_DashboardContent_ID reference="id"/>
        </AD_Column>
        <AD_Element type="table">
            <AD_Client_ID>0</AD_Client_ID>
            <AD_Org_ID>0</AD_Org_ID>
            <IsActive>Y</IsActive>
            <ColumnName>SRI_ShortDocType</ColumnName>
            <Name>SRI Short DocType</Name>
            <Description/>
            <Help/>
            <PrintName>SRI Short DocType</PrintName>
            <PO_Description/>
            <PO_Help/>
            <PO_Name/>
            <PO_PrintName/>
            <EntityType>QSSLEC_FE</EntityType>
            <AD_Element_UU>a061544f-c0dd-4513-bfc1-d6f3a674964b</AD_Element_UU>
            <AD_Element_Trl type="translation">
                <Help/>
                <PO_Description/>
                <PO_Help/>
                <Description/>
                <Name>Tipo documento SRI</Name>
                <PrintName>Tipo documento SRI</PrintName>
                <PO_Name/>
                <PO_PrintName/>
                <AD_Language>es_EC</AD_Language>
                <IsActive>Y</IsActive>
                <IsTranslated>Y</IsTranslated>
            </AD_Element_Trl>
        </AD_Element>
        <AD_Reference type="table">
            <AD_Client_ID>0</AD_Client_ID>
            <AD_Org_ID>0</AD_Org_ID>
            <Name>SRI_ShortDocType</Name>
            <Description/>
            <Help/>
            <ValidationType>L</ValidationType>
            <IsActive>Y</IsActive>
            <VFormat/>
            <EntityType>QSSLEC_FE</EntityType>
            <IsOrderByValue>Y</IsOrderByValue>
            <AD_Reference_UU>4910e28a-f3e2-4930-bead-663336608969</AD_Reference_UU>
            <AD_Reference_Trl type="translation">
                <Help/>
                <Name>SRI_ShortDocType</Name>
                <Description/>
                <AD_Language>es_EC</AD_Language>
                <IsActive>Y</IsActive>
                <IsTranslated>N</IsTranslated>
            </AD_Reference_Trl>
            <AD_Ref_List type="table">
                <AD_Client_ID>0</AD_Client_ID>
                <AD_Org_ID>0</AD_Org_ID>
                <Name>Invoice</Name>
                <Description/>
                <AD_Reference_ID reference="uuid" reference-key="AD_Reference">4910e28a-f3e2-4930-bead-663336608969</AD_Reference_ID>
                <ValidFrom/>
                <ValidTo/>
                <Value>01</Value>
                <IsActive>Y</IsActive>
                <EntityType>QSSLEC_FE</EntityType>
                <AD_Ref_List_UU>d00961fd-875c-4f46-b7b0-9a43f6ea70b7</AD_Ref_List_UU>
                <AD_Ref_List_Trl type="translation">
                    <Description/>
                    <Name>Invoice</Name>
                    <AD_Language>es_EC</AD_Language>
                    <IsActive>Y</IsActive>
                    <IsTranslated>N</IsTranslated>
                </AD_Ref_List_Trl>
            </AD_Ref_List>
            <AD_Ref_List type="table">
                <AD_Client_ID>0</AD_Client_ID>
                <AD_Org_ID>0</AD_Org_ID>
                <Name>Credit Memo</Name>
                <Description/>
                <AD_Reference_ID reference="uuid" reference-key="AD_Reference">4910e28a-f3e2-4930-bead-663336608969</AD_Reference_ID>
                <ValidFrom/>
                <ValidTo/>
                <Value>04</Value>
                <IsActive>Y</IsActive>
                <EntityType>QSSLEC_FE</EntityType>
                <AD_Ref_List_UU>f1fed4b2-6484-4162-9d66-884ec45cd7b4</AD_Ref_List_UU>
                <AD_Ref_List_Trl type="translation">
                    <Description/>
                    <Name>Credit Memo</Name>
                    <AD_Language>es_EC</AD_Language>
                    <IsActive>Y</IsActive>
                    <IsTranslated>N</IsTranslated>
                </AD_Ref_List_Trl>
            </AD_Ref_List>
            <AD_Ref_List type="table">
                <AD_Client_ID>0</AD_Client_ID>
                <AD_Org_ID>0</AD_Org_ID>
                <Name>Debit Memo</Name>
                <Description/>
                <AD_Reference_ID reference="uuid" reference-key="AD_Reference">4910e28a-f3e2-4930-bead-663336608969</AD_Reference_ID>
                <ValidFrom/>
                <ValidTo/>
                <Value>05</Value>
                <IsActive>Y</IsActive>
                <EntityType>QSSLEC_FE</EntityType>
                <AD_Ref_List_UU>81342b62-7b9d-453a-b3e6-30baed7a9485</AD_Ref_List_UU>
                <AD_Ref_List_Trl type="translation">
                    <Description/>
                    <Name>Debit Memo</Name>
                    <AD_Language>es_EC</AD_Language>
                    <IsActive>Y</IsActive>
                    <IsTranslated>N</IsTranslated>
                </AD_Ref_List_Trl>
            </AD_Ref_List>
            <AD_Ref_List type="table">
                <AD_Client_ID>0</AD_Client_ID>
                <AD_Org_ID>0</AD_Org_ID>
                <Name>Shipment</Name>
                <Description/>
                <AD_Reference_ID reference="uuid" reference-key="AD_Reference">4910e28a-f3e2-4930-bead-663336608969</AD_Reference_ID>
                <ValidFrom/>
                <ValidTo/>
                <Value>06</Value>
                <IsActive>Y</IsActive>
                <EntityType>QSSLEC_FE</EntityType>
                <AD_Ref_List_UU>94a0d1a7-a88c-4fab-8b5e-033c6ac76965</AD_Ref_List_UU>
                <AD_Ref_List_Trl type="translation">
                    <Description/>
                    <Name>Shipment</Name>
                    <AD_Language>es_EC</AD_Language>
                    <IsActive>Y</IsActive>
                    <IsTranslated>N</IsTranslated>
                </AD_Ref_List_Trl>
            </AD_Ref_List>
            <AD_Ref_List type="table">
                <AD_Client_ID>0</AD_Client_ID>
                <AD_Org_ID>0</AD_Org_ID>
                <Name>Withholding</Name>
                <Description/>
                <AD_Reference_ID reference="uuid" reference-key="AD_Reference">4910e28a-f3e2-4930-bead-663336608969</AD_Reference_ID>
                <ValidFrom/>
                <ValidTo/>
                <Value>07</Value>
                <IsActive>Y</IsActive>
                <EntityType>QSSLEC_FE</EntityType>
                <AD_Ref_List_UU>480e6c8b-59cd-4012-b76f-56f4436ef848</AD_Ref_List_UU>
                <AD_Ref_List_Trl type="translation">
                    <Description/>
                    <Name>Withholding</Name>
                    <AD_Language>es_EC</AD_Language>
                    <IsActive>Y</IsActive>
                    <IsTranslated>N</IsTranslated>
                </AD_Ref_List_Trl>
            </AD_Ref_List>
        </AD_Reference>
        <AD_Column type="table">
            <IsSyncDatabase>Y</IsSyncDatabase>
            <AD_Table_ID reference="id">217</AD_Table_ID>
            <AD_Reference_Value_ID reference="uuid" reference-key="AD_Reference">4910e28a-f3e2-4930-bead-663336608969</AD_Reference_Value_ID>
            <AD_Client_ID>0</AD_Client_ID>
            <AD_Org_ID>0</AD_Org_ID>
            <Version>0</Version>
            <Name>SRI Short DocType</Name>
            <Description/>
            <Help/>
            <AD_Val_Rule_ID reference="id"/>
            <ColumnName>SRI_ShortDocType</ColumnName>
            <DefaultValue/>
            <FieldLength>2</FieldLength>
            <IsKey>N</IsKey>
            <IsParent>N</IsParent>
            <IsMandatory>N</IsMandatory>
            <IsTranslated>N</IsTranslated>
            <IsIdentifier>N</IsIdentifier>
            <SeqNo>0</SeqNo>
            <IsEncrypted>N</IsEncrypted>
            <AD_Reference_ID reference="id">17</AD_Reference_ID>
            <IsActive>Y</IsActive>
            <VFormat/>
            <Callout/>
            <AD_Element_ID reference="uuid" reference-key="AD_Element">a061544f-c0dd-4513-bfc1-d6f3a674964b</AD_Element_ID>
            <IsUpdateable>Y</IsUpdateable>
            <AD_Process_ID reference="id"/>
            <ValueMin/>
            <ValueMax/>
            <IsSelectionColumn>N</IsSelectionColumn>
            <ReadOnlyLogic/>
            <EntityType>QSSLEC_FE</EntityType>
            <IsAlwaysUpdateable>N</IsAlwaysUpdateable>
            <ColumnSQL/>
            <MandatoryLogic/>
            <IsAutocomplete>N</IsAutocomplete>
            <IsAllowLogging>Y</IsAllowLogging>
            <FormatPattern/>
            <AD_Chart_ID reference="id"/>
            <AD_Column_UU>129654a9-540f-4c99-af96-f8e5634e2fb5</AD_Column_UU>
            <IsAllowCopy>Y</IsAllowCopy>
            <SeqNoSelection>0</SeqNoSelection>
            <IsToolbarButton>N</IsToolbarButton>
            <IsSecure>N</IsSecure>
            <FKConstraintName/>
            <FKConstraintType>N</FKConstraintType>
            <PA_DashboardContent_ID reference="id"/>
        </AD_Column>
        <AD_TableIndex type="table">
            <AD_TableIndex_ID>200415</AD_TableIndex_ID>
            <AD_Client_ID>0</AD_Client_ID>
            <AD_Org_ID>0</AD_Org_ID>
            <AD_TableIndex_ID>200415</AD_TableIndex_ID>
            <AD_TableIndex_UU>e9de9bd6-0d47-4d6d-8aa6-235c2dedc6c2</AD_TableIndex_UU>
            <Description/>
            <EntityType>D</EntityType>
            <IsActive>Y</IsActive>
            <Name>c_doctype_uu_idx</Name>
            <AD_Table_ID reference="id">217</AD_Table_ID>
            <Help/>
            <IsCreateConstraint>N</IsCreateConstraint>
            <IsUnique>Y</IsUnique>
            <Processing>N</Processing>
            <AD_Message_ID reference="id"/>
            <TableIndexDrop/>
            <IsKey>N</IsKey>
            <AD_IndexColumn type="table">
                <AD_IndexColumn_ID>200475</AD_IndexColumn_ID>
                <AD_Client_ID>0</AD_Client_ID>
                <AD_Org_ID>0</AD_Org_ID>
                <AD_IndexColumn_ID>200475</AD_IndexColumn_ID>
                <AD_IndexColumn_UU>245e9c25-5eec-4d3c-94d1-a6cd5136986c</AD_IndexColumn_UU>
                <EntityType>D</EntityType>
                <IsActive>Y</IsActive>
                <AD_Column_ID reference="id">60647</AD_Column_ID>
                <AD_TableIndex_ID reference="id">200415</AD_TableIndex_ID>
                <ColumnSQL/>
                <SeqNo>1</SeqNo>
            </AD_IndexColumn>
        </AD_TableIndex>
        <AD_TableIndex type="table">
            <AD_TableIndex_ID>200416</AD_TableIndex_ID>
            <AD_Client_ID>0</AD_Client_ID>
            <AD_Org_ID>0</AD_Org_ID>
            <AD_TableIndex_ID>200416</AD_TableIndex_ID>
            <AD_TableIndex_UU>1a3f207e-581b-465a-b4a2-b42f72f0b5d6</AD_TableIndex_UU>
            <Description/>
            <EntityType>D</EntityType>
            <IsActive>Y</IsActive>
            <Name>c_doctype_name</Name>
            <AD_Table_ID reference="id">217</AD_Table_ID>
            <Help/>
            <IsCreateConstraint>N</IsCreateConstraint>
            <IsUnique>Y</IsUnique>
            <Processing>N</Processing>
            <AD_Message_ID reference="id"/>
            <TableIndexDrop/>
            <IsKey>N</IsKey>
            <AD_IndexColumn type="table">
                <AD_IndexColumn_ID>200476</AD_IndexColumn_ID>
                <AD_Client_ID>0</AD_Client_ID>
                <AD_Org_ID>0</AD_Org_ID>
                <AD_IndexColumn_ID>200476</AD_IndexColumn_ID>
                <AD_IndexColumn_UU>63476304-acf9-4f25-8f42-de53927e5af0</AD_IndexColumn_UU>
                <EntityType>D</EntityType>
                <IsActive>Y</IsActive>
                <AD_Column_ID reference="id">1502</AD_Column_ID>
                <AD_TableIndex_ID reference="id">200416</AD_TableIndex_ID>
                <ColumnSQL/>
                <SeqNo>1</SeqNo>
            </AD_IndexColumn>
            <AD_IndexColumn type="table">
                <AD_IndexColumn_ID>200477</AD_IndexColumn_ID>
                <AD_Client_ID>0</AD_Client_ID>
                <AD_Org_ID>0</AD_Org_ID>
                <AD_IndexColumn_ID>200477</AD_IndexColumn_ID>
                <AD_IndexColumn_UU>cddae10d-6b65-4207-967c-5ee83c8e9ac8</AD_IndexColumn_UU>
                <EntityType>D</EntityType>
                <IsActive>Y</IsActive>
                <AD_Column_ID reference="id">1509</AD_Column_ID>
                <AD_TableIndex_ID reference="id">200416</AD_TableIndex_ID>
                <ColumnSQL/>
                <SeqNo>2</SeqNo>
            </AD_IndexColumn>
        </AD_TableIndex>
        <AD_FieldGroup type="table">
            <AD_Client_ID>0</AD_Client_ID>
            <AD_Org_ID>0</AD_Org_ID>
            <IsActive>Y</IsActive>
            <Name>Withholding Information</Name>
            <EntityType>QSS_LCO</EntityType>
            <FieldGroupType>C</FieldGroupType>
            <IsCollapsedByDefault>N</IsCollapsedByDefault>
            <AD_FieldGroup_UU>a5a3386b-4128-4801-8e68-79d21dea64fb</AD_FieldGroup_UU>
            <AD_FieldGroup_Trl type="translation">
                <Name>Withholding Information</Name>
                <AD_Language>es_EC</AD_Language>
                <IsActive>Y</IsActive>
                <IsTranslated>N</IsTranslated>
            </AD_FieldGroup_Trl>
        </AD_FieldGroup>
        <AD_Field type="table">
            <AD_Client_ID>0</AD_Client_ID>
            <AD_Org_ID>0</AD_Org_ID>
            <Name>Generate Withholding</Name>
            <Description/>
            <Help/>
            <AD_Tab_ID reference="id">167</AD_Tab_ID>
            <AD_Column_ID reference="uuid" reference-key="AD_Column">8f7d46bc-9f79-47b6-a52d-4a32df433cd0</AD_Column_ID>
            <IsDisplayed>Y</IsDisplayed>
            <DisplayLogic>@DocBaseType@='API' | @DocBaseType@='APC' | @DocBaseType@='ARI' | @DocBaseType@='ARC' &amp; @#LCO_USE_WITHHOLDINGS@=Y</DisplayLogic>
            <DisplayLength>1</DisplayLength>
            <SeqNo>302</SeqNo>
            <SortNo>0</SortNo>
            <IsSameLine>N</IsSameLine>
            <IsHeading>N</IsHeading>
            <IsFieldOnly>N</IsFieldOnly>
            <IsEncrypted>N</IsEncrypted>
            <IsActive>Y</IsActive>
            <IsReadOnly>N</IsReadOnly>
            <IsCentrallyMaintained>Y</IsCentrallyMaintained>
            <AD_FieldGroup_ID reference="uuid" reference-key="AD_FieldGroup">a5a3386b-4128-4801-8e68-79d21dea64fb</AD_FieldGroup_ID>
            <EntityType>QSS_LCO</EntityType>
            <ObscureType/>
            <AD_Reference_ID reference="id"/>
            <IsMandatory/>
            <DefaultValue/>
            <AD_Reference_Value_ID reference="id"/>
            <AD_Val_Rule_ID reference="id"/>
            <Included_Tab_ID reference="id"/>
            <AD_Field_UU>2db6c573-cb52-45c3-ad3a-5353373c22e3</AD_Field_UU>
            <IsAllowCopy/>
            <IsDisplayedGrid>Y</IsDisplayedGrid>
            <SeqNoGrid/>
            <XPosition>1</XPosition>
            <ColumnSpan>1</ColumnSpan>
            <NumLines>1</NumLines>
            <IsQuickEntry>N</IsQuickEntry>
            <IsUpdateable/>
            <IsAlwaysUpdateable/>
            <MandatoryLogic/>
            <ReadOnlyLogic/>
            <IsToolbarButton/>
            <IsDefaultFocus>N</IsDefaultFocus>
            <IsAdvancedField>N</IsAdvancedField>
            <VFormat/>
            <AD_LabelStyle_ID reference="id"/>
            <AD_FieldStyle_ID reference="id"/>
            <AD_Field_Trl type="translation">
                <Help/>
                <Description/>
                <Name>Generate Withholding</Name>
                <AD_Language>es_EC</AD_Language>
                <IsActive>Y</IsActive>
                <IsTranslated>N</IsTranslated>
            </AD_Field_Trl>
        </AD_Field>
        <AD_Field type="table">
            <AD_Client_ID>0</AD_Client_ID>
            <AD_Org_ID>0</AD_Org_ID>
            <Name>SRI Short DocType</Name>
            <Description/>
            <Help/>
            <AD_Tab_ID reference="id">167</AD_Tab_ID>
            <AD_Column_ID reference="uuid" reference-key="AD_Column">129654a9-540f-4c99-af96-f8e5634e2fb5</AD_Column_ID>
            <IsDisplayed>Y</IsDisplayed>
            <DisplayLogic/>
            <DisplayLength>2</DisplayLength>
            <SeqNo>320</SeqNo>
            <SortNo/>
            <IsSameLine>N</IsSameLine>
            <IsHeading>N</IsHeading>
            <IsFieldOnly>N</IsFieldOnly>
            <IsEncrypted>N</IsEncrypted>
            <IsActive>Y</IsActive>
            <IsReadOnly>N</IsReadOnly>
            <IsCentrallyMaintained>Y</IsCentrallyMaintained>
            <AD_FieldGroup_ID reference="id"/>
            <EntityType>QSSLEC_FE</EntityType>
            <ObscureType/>
            <AD_Reference_ID reference="id"/>
            <IsMandatory/>
            <DefaultValue/>
            <AD_Reference_Value_ID reference="id"/>
            <AD_Val_Rule_ID reference="id"/>
            <Included_Tab_ID reference="id"/>
            <AD_Field_UU>e15ffdab-8dd5-4599-8f98-fc421eda9029</AD_Field_UU>
            <IsAllowCopy/>
            <IsDisplayedGrid>Y</IsDisplayedGrid>
            <SeqNoGrid>340</SeqNoGrid>
            <XPosition>4</XPosition>
            <ColumnSpan>2</ColumnSpan>
            <NumLines>1</NumLines>
            <IsQuickEntry>N</IsQuickEntry>
            <IsUpdateable/>
            <IsAlwaysUpdateable/>
            <MandatoryLogic/>
            <ReadOnlyLogic/>
            <IsToolbarButton/>
            <IsDefaultFocus>N</IsDefaultFocus>
            <IsAdvancedField>N</IsAdvancedField>
            <VFormat/>
            <AD_LabelStyle_ID reference="id"/>
            <AD_FieldStyle_ID reference="id"/>
            <AD_Field_Trl type="translation">
                <Help/>
                <Description/>
                <Name>SRI Short DocType</Name>
                <AD_Language>es_EC</AD_Language>
                <IsActive>Y</IsActive>
                <IsTranslated>N</IsTranslated>
            </AD_Field_Trl>
        </AD_Field>
        <AD_TableIndex type="table">
            <AD_TableIndex_ID>200417</AD_TableIndex_ID>
            <AD_Client_ID>0</AD_Client_ID>
            <AD_Org_ID>0</AD_Org_ID>
            <AD_TableIndex_ID>200417</AD_TableIndex_ID>
            <AD_TableIndex_UU>206acd66-e174-4e73-b6c2-c1b95a8301e6</AD_TableIndex_UU>
            <Description/>
            <EntityType>D</EntityType>
            <IsActive>Y</IsActive>
            <Name>c_doctype_trl_uu_idx</Name>
            <AD_Table_ID reference="id">300</AD_Table_ID>
            <Help/>
            <IsCreateConstraint>N</IsCreateConstraint>
            <IsUnique>Y</IsUnique>
            <Processing>N</Processing>
            <AD_Message_ID reference="id"/>
            <TableIndexDrop/>
            <IsKey>N</IsKey>
            <AD_IndexColumn type="table">
                <AD_IndexColumn_ID>200478</AD_IndexColumn_ID>
                <AD_Client_ID>0</AD_Client_ID>
                <AD_Org_ID>0</AD_Org_ID>
                <AD_IndexColumn_ID>200478</AD_IndexColumn_ID>
                <AD_IndexColumn_UU>c71819de-e016-4051-870e-d9a9f653ae62</AD_IndexColumn_UU>
                <EntityType>D</EntityType>
                <IsActive>Y</IsActive>
                <AD_Column_ID reference="id">60649</AD_Column_ID>
                <AD_TableIndex_ID reference="id">200417</AD_TableIndex_ID>
                <ColumnSQL/>
                <SeqNo>1</SeqNo>
            </AD_IndexColumn>
        </AD_TableIndex>
    </AD_Menu>    
</idempiere>
