<?xml version="1.0" encoding="UTF-8"?><idempiere Name="AD_SysConfig" Version="1.0.0" idempiereVersion="5.1.0.v20171109-0526" DataBaseVersion="2017-10-31" Description="" Author="Orlando Curieles" AuthorEmail="orlando.curieles@ingeint.com" CreatedDate="Tue Jul 17 12:41:14 ECT 2018" UpdatedDate="Tue Jul 17 12:41:14 ECT 2018" PackOutVersion="100" UpdateDictionary="true" Client="1000000-INGEINT SA-INGEINT SA" AD_Client_UU="e98f0762-89f7-49ad-94c6-5359557959ae">
    <AD_SysConfig type="table">
        <AD_Org_ID>0</AD_Org_ID>
        <IsActive>Y</IsActive>
        <Name>LEC_GenerateWitholdingToComplete</Name>
        <Value>true</Value>
        <Description/>
        <EntityType>QSSLEC_FE</EntityType>
        <ConfigurationLevel>C</ConfigurationLevel>
        <AD_SysConfig_UU>f3322ed0-e94d-4e8f-8c42-9c1a2c6171e7</AD_SysConfig_UU>
    </AD_SysConfig>
    <AD_SysConfig type="table">
        <AD_Org_ID>0</AD_Org_ID>
        <IsActive>Y</IsActive>
        <Name>QSSLEC_FE_DebugEnvioRecepcion</Name>
        <Value>Y</Value>
        <Description>Adjunta XML a Autorizacion</Description>
        <EntityType>QSSLEC_FE</EntityType>
        <ConfigurationLevel>C</ConfigurationLevel>
        <AD_SysConfig_UU>91331588-a66f-4824-8a50-963e5f9e22f5</AD_SysConfig_UU>
    </AD_SysConfig>
    <AD_SysConfig type="table">
        <AD_Org_ID>0</AD_Org_ID>
        <IsActive>Y</IsActive>
        <Name>QSSLEC_FE_EnvioXmlAutorizadoBPEmail</Name>
        <Value>Y</Value>
        <Description>Envia Xml Autorizado BP Email</Description>
        <EntityType>QSSLEC_FE</EntityType>
        <ConfigurationLevel>C</ConfigurationLevel>
        <AD_SysConfig_UU>4ef67eb8-179d-430d-b443-82f2a6c66c02</AD_SysConfig_UU>
    </AD_SysConfig>
    <AD_SysConfig type="table">
        <AD_Org_ID>0</AD_Org_ID>
        <IsActive>Y</IsActive>
        <Name>QSSLEC_FE_RazonSocialPruebas</Name>
        <Value>PRUEBAS SERVICIO DE RENTAS INTERNAS</Value>
        <Description>Razon Social si Tipo de Ambiente=1-Pruebas</Description>
        <EntityType>QSSLEC_FE</EntityType>
        <ConfigurationLevel>C</ConfigurationLevel>
        <AD_SysConfig_UU>6fa06ece-762c-4721-8c83-c006218e8dda</AD_SysConfig_UU>
    </AD_SysConfig>
    <AD_SysConfig type="table">
        <AD_Org_ID>0</AD_Org_ID>
        <IsActive>Y</IsActive>
        <Name>QSSLEC_FE_RutaGeneracionXml</Name>
        <Value>/tmp</Value>
        <Description>Folder para ubicacion xml generados</Description>
        <EntityType>QSSLEC_FE</EntityType>
        <ConfigurationLevel>C</ConfigurationLevel>
        <AD_SysConfig_UU>2ed0be24-6b66-4fe8-8de1-f4552fc389fa</AD_SysConfig_UU>
    </AD_SysConfig>
    <AD_SysConfig type="table">
        <AD_Org_ID>0</AD_Org_ID>
        <IsActive>Y</IsActive>
        <Name>QSSLEC_FE_RutaUbicacionXsd</Name>
        <Value>/tmp</Value>
        <Description>Folder de ubicacion XSD para validacion</Description>
        <EntityType>QSSLEC_FE</EntityType>
        <ConfigurationLevel>C</ConfigurationLevel>
        <AD_SysConfig_UU>4fd2eafd-708d-48ce-abd3-5e305a49fd6a</AD_SysConfig_UU>
    </AD_SysConfig>
    <AD_SysConfig type="table">
        <AD_Org_ID>0</AD_Org_ID>
        <IsActive>Y</IsActive>
        <Name>QSSLEC_FE_SRIURLWSCertAutorizacionComprobante</Name>
        <Value>https://celcer.sri.gob.ec/comprobantes-electronicos-ws/AutorizacionComprobantesOffline?wsdl </Value>
        <Description>URL WS Certificacion Autorizacion Comprobante - OffLineSchema</Description>
        <EntityType>QSSLEC_FE</EntityType>
        <ConfigurationLevel>C</ConfigurationLevel>
        <AD_SysConfig_UU>3d372b9e-dc2d-415f-aea8-184d529da502</AD_SysConfig_UU>
    </AD_SysConfig>
    <AD_SysConfig type="table">
        <AD_Org_ID>0</AD_Org_ID>
        <IsActive>Y</IsActive>
        <Name>QSSLEC_FE_SRIURLWSCertRecepcionComprobante</Name>
        <Value>https://celcer.sri.gob.ec/comprobantes-electronicos-ws/RecepcionComprobantesOffline?wsdl</Value>
        <Description>URL WS Certificacion Recepcion Comprobante - OffLineSchema</Description>
        <EntityType>QSSLEC_FE</EntityType>
        <ConfigurationLevel>C</ConfigurationLevel>
        <AD_SysConfig_UU>09f53600-1719-40a0-974f-e4e0b6320833</AD_SysConfig_UU>
    </AD_SysConfig>
    <AD_SysConfig type="table">
        <AD_Org_ID>0</AD_Org_ID>
        <IsActive>Y</IsActive>
        <Name>QSSLEC_FE_SRIURLWSProdAutorizacionComprobante</Name>
        <Value>https://cel.sri.gob.ec/comprobantes-electronicos-ws/AutorizacionComprobantesOffline?wsdl</Value>
        <Description>URL WS Produccion Autorizacion Comprobante - OffLineSchema</Description>
        <EntityType>QSSLEC_FE</EntityType>
        <ConfigurationLevel>C</ConfigurationLevel>
        <AD_SysConfig_UU>152192e3-b2af-4612-a43d-37fdf15b1099</AD_SysConfig_UU>
    </AD_SysConfig>
    <AD_SysConfig type="table">
        <AD_Org_ID>0</AD_Org_ID>
        <IsActive>Y</IsActive>
        <Name>QSSLEC_FE_SRIURLWSProdRecepcionComprobante</Name>
        <Value>https://cel.sri.gob.ec/comprobantes-electronicos-ws/RecepcionComprobantesOffline?wsdl</Value>
        <Description>URL WS Produccion Recepcion Comprobante - OffLineSchema</Description>
        <EntityType>QSSLEC_FE</EntityType>
        <ConfigurationLevel>C</ConfigurationLevel>
        <AD_SysConfig_UU>3c15b5b7-ec1a-418b-9a9f-567c73d9acd5</AD_SysConfig_UU>
    </AD_SysConfig>
    <AD_SysConfig type="table">
        <AD_Org_ID>0</AD_Org_ID>
        <IsActive>Y</IsActive>
        <Name>QSSLEC_FE_SRIWebServiceTimeout</Name>
        <Value>0</Value>
        <Description>QSSLEC_FE_SRIWebServiceTimeout 0 - No, &gt;0 - Aplica.</Description>
        <EntityType>QSSLEC_FE</EntityType>
        <ConfigurationLevel>C</ConfigurationLevel>
        <AD_SysConfig_UU>100ccf47-e422-483b-b277-1d6d035ff7b3</AD_SysConfig_UU>
    </AD_SysConfig>
    <AD_SysConfig type="table">
        <AD_Org_ID>0</AD_Org_ID>
        <IsActive>Y</IsActive>
        <Name>QSSLEC_FE_TransportadorVentaMostrador</Name>
        <Value>1000010</Value>
        <Description>QSSLEC_FE_TransportadorVentaMostrador</Description>
        <EntityType>QSSLEC_FE</EntityType>
        <ConfigurationLevel>C</ConfigurationLevel>
        <AD_SysConfig_UU>9385978a-57c4-4772-9afc-c9f13253272b</AD_SysConfig_UU>
    </AD_SysConfig>
    <AD_SysConfig type="table">
        <AD_Org_ID>0</AD_Org_ID>
        <IsActive>Y</IsActive>
        <Name>QSSLEC_FE_UseClaveContingenciaVentaMostradoryFolio</Name>
        <Value>N</Value>
        <Description>Use Clave Contingencia Venta Mostrador y Folio</Description>
        <EntityType>QSSLEC_FE</EntityType>
        <ConfigurationLevel>C</ConfigurationLevel>
        <AD_SysConfig_UU>42c04fd1-f25b-4d7a-a9c8-1bd74b1150db</AD_SysConfig_UU>
    </AD_SysConfig>
    <AD_SysConfig type="table">
        <AD_Org_ID>0</AD_Org_ID>
        <IsActive>Y</IsActive>
        <Name>QSSLEC_FE_LocalizacionDireccionMatriz</Name>
        <Value>1000151</Value>
        <Description>QSSLEC_FE_LocalizacionDireccionMatriz</Description>
        <EntityType>QSSLEC_FE</EntityType>
        <ConfigurationLevel>C</ConfigurationLevel>
        <AD_SysConfig_UU>35c40cc2-0837-4e39-ba3a-b92f7cb5f07a</AD_SysConfig_UU>
    </AD_SysConfig>
    <AD_SysConfig type="table">
        <AD_Org_ID>0</AD_Org_ID>
        <IsActive>Y</IsActive>
        <Name>QSSLEC_FE_ResponseAutorizationClass</Name>
        <Value>ec.ingeint.util.ws.AutorizacionComprobantesOffline</Value>
        <Description>OffLineSchema</Description>
        <EntityType>QSSLEC_FE</EntityType>
        <ConfigurationLevel>O</ConfigurationLevel>
        <AD_SysConfig_UU>792a9805-b912-4072-9293-0734d2d77ca1</AD_SysConfig_UU>
    </AD_SysConfig>
    <AD_SysConfig type="table">
        <AD_Org_ID>0</AD_Org_ID>
        <IsActive>Y</IsActive>
        <Name>QSSLEC_FE_ResponseReceptionClass</Name>
        <Value>ec.ingeint.util.ws.RecepcionComprobantesOffline</Value>
        <Description>OffLineSchema</Description>
        <EntityType>QSSLEC_FE</EntityType>
        <ConfigurationLevel>C</ConfigurationLevel>
        <AD_SysConfig_UU>1dcd9135-76f0-41cc-b832-da5d48245c99</AD_SysConfig_UU>
    </AD_SysConfig>
    <AD_SysConfig type="table">
        <AD_Org_ID>0</AD_Org_ID>
        <IsActive>Y</IsActive>
        <Name>QSSLEC_FE_ClaveCertificadoDigital</Name>
        <Value>SuClaveDeCertificadoAQUI</Value>
        <Description>migra</Description>
        <EntityType>QSSLEC_FE</EntityType>
        <ConfigurationLevel>C</ConfigurationLevel>
        <AD_SysConfig_UU>cb4759af-b015-42ad-bb87-a505de420561</AD_SysConfig_UU>
    </AD_SysConfig>
    <AD_SysConfig type="table">
        <AD_Org_ID>0</AD_Org_ID>
        <IsActive>Y</IsActive>
        <Name>QSSLEC_FE_EnPruebas</Name>
        <Value>Y</Value>
        <Description>Y-Pruebas, N-Produccion</Description>
        <EntityType>QSSLEC_FE</EntityType>
        <ConfigurationLevel>C</ConfigurationLevel>
        <AD_SysConfig_UU>5d8d2663-eadf-45ff-89c8-ce9a7590ea06</AD_SysConfig_UU>
    </AD_SysConfig>
    <AD_SysConfig type="table">
        <AD_Org_ID>0</AD_Org_ID>
        <IsActive>Y</IsActive>
        <Name>ING_FEUserNotes</Name>
        <Value>1013471</Value>
        <Description>OffLineSchema</Description>
        <EntityType>QSSLEC_FE</EntityType>
        <ConfigurationLevel>C</ConfigurationLevel>
        <AD_SysConfig_UU>f57b3a02-0479-4f95-9134-f7630819421d</AD_SysConfig_UU>
    </AD_SysConfig>
    <AD_SysConfig type="table">
        <AD_Org_ID>0</AD_Org_ID>
        <IsActive>Y</IsActive>
        <Name>QSSLEC_FE_OfflineSchema</Name>
        <Value>Y</Value>
        <Description>migra</Description>
        <EntityType>QSSLEC_FE</EntityType>
        <ConfigurationLevel>C</ConfigurationLevel>
        <AD_SysConfig_UU>31ccbd78-6409-4980-bdf6-f2f70d0e9b55</AD_SysConfig_UU>
    </AD_SysConfig>
</idempiere>
